likes,engagement,comments_ratio,followers,following,hour,time_of_day_bin,weekend,caption_length,hashtag,tag,location,video,multiple_images
33,2.222521551724138e-4,3.367456896551724e-5,148480,1459,9,Morning (5–11am),0,67,0,1,0,1,0
3595,0.010970466710202686,1.7088905028410305e-4,327698,3086,9,Morning (5–11am),0,152,0,1,1,0,0
1096,0.01854734989507886,7.107561091179855e-4,59092,400,13,Afternoon (12–4pm),0,749,1,1,0,0,1
164628,0.12122515251816043,9.1529305209365e-4,1358035,873,10,Morning (5–11am),0,111,1,0,1,1,0
29661,0.0013189030227206513,9.604634129249206e-6,22489144,751,19,Evening (5–8pm),0,44,0,1,0,1,0
934,0.002132980120351234,4.3390387887230666e-5,437885,1433,14,Afternoon (12–4pm),1,769,1,0,0,1,0
779,0.004241002161332295,8.166242929394664e-5,183683,1372,10,Morning (5–11am),0,170,1,1,1,1,0
3999,0.0026380924988191586,1.1214696794179969e-5,1515868,297,18,Evening (5–8pm),1,112,0,1,0,0,1
52053,0.0029124963623869946,1.7003969887026833e-4,17872297,4500,14,Afternoon (12–4pm),0,80,0,0,0,0,0
93509,0.15701732733534499,0.0027723064884733507,595533,1017,8,Morning (5–11am),1,0,NA,NA,0,1,0
1074,8.027967825340124e-4,5.232381264188162e-6,1337823,3,11,Morning (5–11am),0,440,1,1,0,1,0
571,0.0021029990755643295,1.289053724076209e-4,271517,329,22,Night (9pm–4am),0,197,1,1,1,0,1
235,0.07546563904945408,0,3114,402,19,Evening (5–8pm),0,39,0,0,0,0,1
555,0.003450526904784109,3.730299356523361e-5,160845,5921,18,Evening (5–8pm),0,142,1,0,1,0,0
18908,0.015589906632059074,7.090818544304424e-5,1212836,270,18,Evening (5–8pm),0,52,0,0,1,0,1
21462,0.02796402800832849,1.7329306332623657e-4,767486,1716,12,Afternoon (12–4pm),1,21,0,1,0,0,1
477,9.226198535413516e-4,2.5144775882678345e-5,517006,913,0,Night (9pm–4am),0,1578,0,1,0,0,1
1292,0.0014589111012746276,1.1291881588812908e-5,885592,2477,14,Afternoon (12–4pm),0,48,0,1,1,1,0
4502,0.008082135464633027,2.136326344494292e-4,557031,911,9,Morning (5–11am),0,70,0,0,1,0,1
625,0.0025513224014271077,5.306750594968384e-5,244971,1302,10,Morning (5–11am),1,114,1,1,1,1,0
2473,7.567335670547641e-4,2.3561861974612554e-5,3267993,3,6,Morning (5–11am),0,63,0,0,0,0,0
21170,0.015819840635842512,2.794813603120028e-4,1338193,398,2,Night (9pm–4am),0,123,1,1,1,1,0
5440,0.001141282843875444,3.7763035275290427e-6,4766566,731,15,Afternoon (12–4pm),1,43,0,0,1,0,1
27,0.00788091068301226,2.918855808523059e-4,3426,3237,16,Afternoon (12–4pm),0,231,0,1,1,1,0
5579,0.02328551573306176,3.965090508408079e-4,239591,477,16,Afternoon (12–4pm),0,352,1,0,1,0,0
53,0.014767344664251881,8.358874338255781e-4,3589,650,0,Night (9pm–4am),0,112,0,0,1,1,0
865,0.004112193962443547,1.4737342524364156e-4,210350,1167,1,Night (9pm–4am),0,96,1,0,0,0,1
571,8.11949161459859e-4,3.953097493622431e-4,703246,885,21,Night (9pm–4am),0,551,1,1,1,1,0
81,1.8584503277526288e-4,6.8831493620467735e-6,435847,413,19,Evening (5–8pm),0,23,0,0,1,0,0
2119,0.0041635392638060915,1.3754023051742634e-5,508942,5527,5,Morning (5–11am),0,245,1,1,0,1,0
13763,0.008031155960112061,1.2195826459808333e-4,1713701,1848,16,Afternoon (12–4pm),0,47,0,0,0,0,1
158,0.0015245667528657996,1.157898799644911e-4,103636,653,8,Morning (5–11am),1,865,0,0,0,1,0
2447,0.012903531992533142,9.649964669528259e-4,189638,2640,14,Afternoon (12–4pm),0,1057,1,0,1,0,0
6662,0.010852124732647107,9.44796209086659e-5,613889,1019,19,Evening (5–8pm),0,202,0,1,1,0,1
1659,0.014787809639263017,3.832886163280951e-4,112187,88,12,Afternoon (12–4pm),0,637,1,1,0,1,0
154850,0.0256396330941184,0.0013395197399510355,6039478,1027,17,Evening (5–8pm),0,638,1,1,0,1,0
309,4.7167651234143883e-4,1.5264612049884752e-6,655110,588,4,Night (9pm–4am),0,89,1,0,0,1,0
16165,0.028200095948362335,1.6049544245278903e-4,573225,315,9,Morning (5–11am),1,26,0,0,1,0,1
113,7.727076908348662e-4,1.3676242315661349e-5,146239,779,16,Afternoon (12–4pm),0,48,1,0,1,0,0
30093,0.004269303335895984,6.540221439697101e-5,7048691,854,13,Afternoon (12–4pm),0,29,1,0,1,0,1
1662,0.002757668625131288,6.30513885409079e-5,602683,1298,19,Evening (5–8pm),0,50,0,0,0,1,0
8339,0.024966393121143442,4.2513824477783535e-4,334009,1081,9,Morning (5–11am),0,304,1,0,0,0,0
36775,0.023647358247671273,1.1381597307512755e-4,1555142,818,19,Evening (5–8pm),1,178,0,1,0,1,0
1007,0.0021943539512535274,3.922380449112561e-5,458905,2496,9,Morning (5–11am),1,362,0,1,1,1,0
742,5.116422751670078e-4,4.826813916669885e-6,1450232,612,7,Morning (5–11am),0,149,0,0,0,0,1
141,0.0010169198147907742,6.490977541217708e-5,138654,1146,3,Night (9pm–4am),1,216,1,0,1,0,0
48438,0.019967919742467508,1.5458875063845153e-4,2425791,1193,0,Night (9pm–4am),0,74,1,0,0,1,0
103234,0.009251556317103784,9.02446598148237e-5,11158555,661,15,Afternoon (12–4pm),1,23,1,1,0,0,1
540,0.007180755575058842,2.6595391018736452e-5,75201,2,10,Morning (5–11am),0,57,0,0,0,0,0
0,0,0.030303030303030304,33,0,15,Afternoon (12–4pm),0,53,0,0,0,0,0
668,0.00244465670505656,1.756639548543636e-4,273249,474,10,Morning (5–11am),0,365,1,1,1,0,1
2727,0.001751125677782601,2.889646332974589e-5,1557284,597,16,Afternoon (12–4pm),1,208,1,0,1,1,0
44962,0.0036467113536556533,8.321528955230418e-5,12329465,1,13,Afternoon (12–4pm),0,96,1,0,1,0,0
1949,0.017544807223167428,1.710371150539667e-4,111087,17,23,Night (9pm–4am),0,59,1,0,1,0,0
1268,0.002357276044832862,1.728916972945238e-4,537909,3517,15,Afternoon (12–4pm),0,38,0,0,0,1,0
264,0.015924719507781397,0.0012064181445288937,16578,7298,9,Morning (5–11am),0,85,1,0,0,0,1
12131,0.02115854870948725,4.6569388388699164e-4,573338,119,21,Night (9pm–4am),0,200,1,1,0,1,0
13381,0.011972142244904168,2.6841362181236458e-5,1117678,186,12,Afternoon (12–4pm),1,85,1,1,1,1,0
143,9.273550278206509e-4,5.188000155640005e-5,154202,1867,10,Morning (5–11am),0,78,0,1,1,0,0
4787,0.029708008812486423,4.406243212213361e-4,161135,89,0,Night (9pm–4am),0,212,0,1,0,0,1
345927,0.04634118732153706,2.407303090443998e-4,7464785,266,12,Afternoon (12–4pm),0,549,1,1,0,1,0
6106,0.009686205643888378,4.045172681283224e-4,630381,959,17,Evening (5–8pm),0,195,1,0,0,1,0
3647,0.003535638009611274,6.883199854192499e-5,1031497,1813,22,Night (9pm–4am),1,167,0,1,0,1,0
858,0.0032635238450244575,1.0269830281545495e-4,262906,3145,8,Morning (5–11am),0,798,1,0,0,1,0
5924,0.0033634820328512947,3.009192230606324e-5,1761270,1166,21,Night (9pm–4am),0,195,1,1,1,0,1
217,0.0024533080088635644,4.5222267444489665e-5,88452,2070,9,Morning (5–11am),0,48,0,0,0,0,1
1033,0.0023035617122621733,2.2299726159362765e-6,448436,230,8,Morning (5–11am),1,125,0,0,0,0,1
76,0.05617147080561715,0.0014781966001478197,1353,845,19,Evening (5–8pm),1,104,1,0,1,0,1
4085,0.013277644152636027,6.825716700253526e-5,307660,4873,2,Night (9pm–4am),0,338,0,1,0,0,1
342,9.78498776876529e-5,7.4388795902894014e-6,3495150,184,18,Evening (5–8pm),0,480,0,1,0,1,0
1430,0.004459830339321357,4.0855788423153693e-4,320640,1545,19,Evening (5–8pm),1,313,0,1,0,0,1
161,5.988135309541963e-4,1.4877354806315437e-5,268865,374,9,Morning (5–11am),0,737,1,1,1,0,1
9654,0.0014514163411980033,9.170954714426995e-6,6651434,88,14,Afternoon (12–4pm),0,118,1,1,0,0,0
5353,0.01237805202342881,3.237301108313158e-4,432459,1727,6,Morning (5–11am),0,285,0,0,0,0,1
10906,0.015541944438902458,2.0806197396660179e-4,701714,898,13,Afternoon (12–4pm),0,459,1,1,1,0,1
31,0.012296707655692185,0,2521,18,1,Night (9pm–4am),0,22,0,0,0,0,0
291,0.0014209470050245859,1.464893819612975e-5,204793,2319,13,Afternoon (12–4pm),1,252,0,1,1,1,0
729,6.224300214477944e-4,1.9637709867351538e-5,1171216,134,14,Afternoon (12–4pm),1,91,1,0,0,1,0
318,8.247230175525955e-4,2.852815469521557e-5,385584,87,15,Afternoon (12–4pm),1,571,1,1,0,1,0
321,0.04067410035478966,0.0010136847440446021,7892,1007,11,Morning (5–11am),1,665,1,1,1,0,0
10479,0.0018596834332180385,6.0161531048851515e-5,5634830,111,0,Night (9pm–4am),0,72,0,1,0,1,0
20288,0.10978176761199764,9.144873189288053e-4,184803,129,7,Morning (5–11am),1,14,0,0,1,0,0
70,3.7631373813939734e-4,1.0751821089697067e-5,186015,1630,20,Evening (5–8pm),0,215,1,0,1,1,0
10834,0.015705682981209428,2.3919491341144135e-4,689814,463,20,Evening (5–8pm),0,19,0,0,1,0,0
116892,0.18291440616036542,0.0011563986085661128,639053,344,18,Evening (5–8pm),0,36,0,0,0,1,0
222,0.0025100061054202562,1.5828867331479094e-4,88446,346,19,Evening (5–8pm),0,232,1,0,0,0,1
11170,0.014040353761608117,1.1941214031806366e-4,795564,288,11,Morning (5–11am),1,115,1,1,0,0,0
1549,0.0015551490593807915,4.2166727239505e-5,996046,1163,17,Evening (5–8pm),0,221,1,1,1,0,1
538,0.0021625271823235512,1.20587017601685e-5,248783,79,19,Evening (5–8pm),0,382,1,1,0,0,0
80652,0.20848390849166343,0.0014294946361638877,386850,707,18,Evening (5–8pm),1,205,1,1,0,1,0
1006,0.007063614660862238,1.3340822918129477e-4,142420,1001,19,Evening (5–8pm),0,56,0,1,1,0,0
7627,0.002880711283006183,1.9262655753679733e-5,2647610,815,1,Night (9pm–4am),1,1240,1,1,0,1,0
4508,0.016993045215522928,2.4124997644043198e-4,265285,62,17,Evening (5–8pm),1,55,1,0,0,0,0
10099,0.025347177776606507,2.4345739621059817e-4,398427,690,12,Afternoon (12–4pm),1,51,1,0,1,0,0
883,0.0011364060483056225,6.563613642535305e-5,777011,918,22,Night (9pm–4am),0,214,1,1,1,1,0
7096,0.0015262831070185579,6.022537626341547e-6,4649203,48,4,Night (9pm–4am),0,295,1,1,0,1,0
26526,0.04002818844002336,5.507912531330969e-4,662683,759,4,Night (9pm–4am),0,2148,0,0,1,0,0
20550,0.00604430430939779,4.058948879303625e-5,3399895,966,11,Morning (5–11am),1,293,1,1,0,1,0
5551,0.005365322291459462,1.2951777824816573e-4,1034607,1300,21,Night (9pm–4am),0,260,1,0,0,1,0
5226,0.024142136482066635,3.326126725428239e-4,216468,1913,20,Evening (5–8pm),0,941,1,0,0,1,0
574,0.005966053777634574,3.1181465736766067e-5,96211,202,3,Night (9pm–4am),0,77,1,1,1,0,0
1133,0.0016044840585374696,6.231006052572697e-5,706146,370,0,Night (9pm–4am),0,272,0,0,0,0,1
9284,0.008565713526520129,7.473317488670081e-5,1083856,463,16,Afternoon (12–4pm),0,30,0,0,0,0,1
5054,0.002602686112141062,1.802414205083838e-5,1941840,959,15,Afternoon (12–4pm),0,149,1,1,0,0,0
20629,0.012438460402113978,6.934039198425069e-5,1658485,2955,23,Night (9pm–4am),0,782,0,1,1,0,1
941,8.788084813890591e-4,1.587645503040808e-5,1070768,630,20,Evening (5–8pm),1,927,0,0,0,1,0
1055,0.002007161094178662,1.3317656549052734e-5,525618,338,10,Morning (5–11am),0,798,0,0,0,1,0
17999,0.02314543340946032,8.358537538835051e-5,777648,508,13,Afternoon (12–4pm),1,16,0,0,0,0,1
653,0.0011391548273648367,2.2155078572026684e-4,573232,486,19,Evening (5–8pm),1,77,1,1,0,1,0
9880,0.0020405448833130516,3.3664859917006825e-5,4841844,1015,19,Evening (5–8pm),1,258,0,0,0,0,0
1640,0.0022347678089873094,3.542924575223784e-5,733857,2511,7,Morning (5–11am),1,902,1,1,0,0,0
13789,9.836260397749009e-4,1.868953676271115e-5,14018539,804,20,Evening (5–8pm),1,283,0,0,0,1,0
437,0.0024867977783847766,5.1215514886642996e-5,175728,604,10,Morning (5–11am),0,144,1,0,1,0,0
118,0.005769606884412282,5.378447095638569e-4,20452,4069,10,Morning (5–11am),0,271,1,1,1,0,1
10,0.14084507042253522,0.014084507042253521,71,75,4,Night (9pm–4am),0,70,1,1,0,0,0
80,3.8700626466390924e-4,4.837578308298866e-6,206715,566,15,Afternoon (12–4pm),0,211,1,1,0,0,0
439,0.0010948695758440346,1.4714648058040557e-4,400961,1000,18,Evening (5–8pm),1,97,0,0,1,0,1
1734,0.006398642041366077,4.428125980184136e-4,270995,2836,19,Evening (5–8pm),0,12,0,0,0,0,0
1249,0.0014251824838340489,2.2821176682690936e-5,876379,43,6,Morning (5–11am),0,107,1,1,0,1,0
523,0.0034211180449258867,7.84960163271714e-5,152874,339,14,Afternoon (12–4pm),1,1095,0,0,0,0,1
15352,0.013942611151727614,1.1988175299817907e-4,1101085,357,17,Evening (5–8pm),1,489,1,1,1,0,1
1366,0.010720956880719544,7.063587988761046e-5,127414,194,8,Morning (5–11am),1,49,1,0,0,0,0
1223,0.006270122839037795,5.126837971412751e-6,195052,1,11,Morning (5–11am),1,6,1,0,0,0,0
1182,0.009611866019370106,9.758239613573712e-5,122973,825,18,Evening (5–8pm),0,577,0,0,1,0,1
1377,0.00333753453875612,7.271317077900043e-5,412580,39,11,Morning (5–11am),0,89,1,1,1,0,1
172,0.0019523490618508722,9.08069331093429e-5,88099,832,23,Night (9pm–4am),0,141,0,0,1,1,0
31079,0.02525427764185064,4.712983375357435e-5,1230643,0,17,Evening (5–8pm),0,440,1,0,1,0,0
861,0.003096910642797794,4.3162517669655673e-4,278019,877,23,Night (9pm–4am),0,69,0,0,0,0,1
1010,0.004121120128611591,2.5705996841834673e-4,245079,300,15,Afternoon (12–4pm),0,2015,0,1,1,0,0
5196,0.0027754052941016227,3.418513064328404e-5,1872159,327,9,Morning (5–11am),1,18,0,0,0,1,0
1063,0.003358047467564673,8.845280253227738e-5,316553,347,16,Afternoon (12–4pm),0,374,1,0,0,1,0
716,0.0011828747490934322,3.304119410875509e-6,605305,605,11,Morning (5–11am),0,636,0,1,1,0,0
508651,1.5640934179978783,0.008656078473578204,325205,700,18,Evening (5–8pm),0,230,1,1,0,1,0
4442,0.002372953247692621,4.1134038737580326e-5,1871929,816,17,Evening (5–8pm),0,461,1,0,1,0,1
2221,0.0025264733685136124,4.6639085145906397e-5,879091,505,12,Afternoon (12–4pm),0,268,1,1,0,1,0
3362,0.008343011425111423,1.6130152963481333e-4,402972,2135,17,Evening (5–8pm),0,185,0,1,0,1,0
9315,0.012692222794496357,3.733407456459476e-4,733914,672,7,Morning (5–11am),0,335,1,0,1,0,1
438,0.0016113071085130726,0,271829,46,17,Evening (5–8pm),0,1,0,0,0,0,0
797,0.00399076665782055,1.5021706365698434e-5,199711,2,17,Evening (5–8pm),0,124,1,1,0,0,0
4150,0.013466724211223136,3.2449937858369e-6,308167,74,2,Night (9pm–4am),0,288,1,1,0,0,0
966,0.003974343677872451,8.228454819611699e-6,243059,65,3,Night (9pm–4am),1,250,1,1,0,0,0
101772,0.17514826300807831,4.285256994950625e-4,581062,457,17,Evening (5–8pm),0,279,1,1,1,0,1
61137,0.02106601179878594,9.99254693826639e-5,2902163,481,17,Evening (5–8pm),1,52,1,1,0,1,0
2301,0.012479458518410048,2.277867265420348e-4,184383,411,19,Evening (5–8pm),1,2143,0,1,0,0,1
1215,0.06753752084491384,0.005669816564758199,17990,785,2,Night (9pm–4am),0,309,1,1,1,0,0
15895,0.046657645307963944,1.8199270267969578e-4,340673,664,3,Night (9pm–4am),0,9,0,0,1,0,1
3653,0.005029809850331144,3.9930053561347705e-5,726270,360,2,Night (9pm–4am),0,58,1,1,1,0,1
5996,0.002814159408331902,0.0030572772491450984,2130654,573,16,Afternoon (12–4pm),0,22,0,0,0,0,0
978,0.0016464064401763574,2.8618516853781263e-5,594021,1402,5,Morning (5–11am),0,688,1,0,1,1,0
96554,0.02849655679640548,2.756569800095565e-4,3388269,985,19,Evening (5–8pm),1,125,0,1,0,0,0
12420,0.010851862466186225,1.1708128586706556e-4,1144504,1136,12,Afternoon (12–4pm),0,1674,1,1,1,1,0
1459,5.465956903983105e-4,5.0576023443298096e-5,2669249,2811,17,Evening (5–8pm),0,2056,1,1,0,0,0
610,0.001355537481722466,2.7332968893748085e-4,450006,1886,18,Evening (5–8pm),0,626,0,0,0,1,0
252,0.004856801449331226,3.083683459892842e-4,51886,402,4,Night (9pm–4am),0,216,1,1,1,1,0
5582,0.004796740072887763,5.070004734868829e-5,1163707,486,20,Evening (5–8pm),1,45,0,0,1,0,1
618,0.005478723404255319,3.900709219858156e-4,112800,406,8,Morning (5–11am),0,359,1,0,0,0,1
14,5.497741998821913e-4,1.570783428234832e-4,25465,659,0,Night (9pm–4am),0,171,0,0,0,1,0
9841,0.009846799765061622,1.1206600687805117e-4,999411,5530,19,Evening (5–8pm),0,90,1,0,1,1,0
138,4.2564741588836934e-4,6.168803128816947e-6,324212,694,22,Night (9pm–4am),0,247,1,0,0,0,1
2305,0.0020426357001322175,2.1268224209619617e-5,1128444,386,19,Evening (5–8pm),1,24,0,0,0,1,0
408,0.004256917490922749,1.1476983431409374e-4,95844,426,19,Evening (5–8pm),0,24,0,0,1,0,0
549,0.0023101879710321787,2.1039963306303994e-5,237643,623,17,Evening (5–8pm),0,429,1,0,1,0,0
33794,0.0053323663941943255,1.3254387675691642e-5,6337524,563,18,Evening (5–8pm),1,201,0,0,1,0,1
6851,0.013130834941705687,1.1691445503489225e-4,521749,1394,13,Afternoon (12–4pm),0,51,0,1,1,0,0
3071,0.006537589543262834,6.173562251860052e-5,469745,1220,14,Afternoon (12–4pm),0,122,1,0,0,1,0
1663,0.004232941601696231,2.010838163162972e-4,392871,1721,18,Evening (5–8pm),0,140,0,0,1,1,0
3245,0.00262931872690737,9.642185778181111e-5,1234160,724,10,Morning (5–11am),0,44,1,0,0,0,1
45651,0.0049287101713069844,2.2132824803792506e-5,9262261,882,15,Afternoon (12–4pm),0,415,1,1,1,0,1
2,0.2,0,10,16,0,Night (9pm–4am),0,50,1,0,0,0,0
2482,0.00781921914921099,2.0792444151810047e-4,317423,1137,1,Night (9pm–4am),0,33,1,0,0,1,0
16255,0.01329923231807542,4.328079911572991e-4,1222251,362,13,Afternoon (12–4pm),1,353,1,1,1,0,1
566,2.8912659249496835e-4,5.619068052022354e-6,1957620,11,10,Morning (5–11am),0,39,0,0,0,1,0
2586,0.0135748031496063,7.874015748031496e-5,190500,2536,23,Night (9pm–4am),1,33,0,1,1,0,0
4223,0.004146444200722068,4.222048321833979e-5,1018463,1849,9,Morning (5–11am),0,134,0,1,0,0,1
895,0.0018833223911250273,4.208541656145313e-6,475224,326,15,Afternoon (12–4pm),1,906,1,0,1,0,1
4156,0.02862534955160966,2.892840907525519e-4,145186,320,18,Evening (5–8pm),0,483,1,1,1,0,0
4169,0.019346246299200905,3.387565315043574e-4,215494,45,13,Afternoon (12–4pm),1,88,0,0,0,1,0
1377,0.004900861654761523,9.25362403949162e-5,280971,2263,6,Morning (5–11am),0,72,1,1,0,0,0
2574,0.0026764574683457434,2.49553143901701e-5,961719,442,19,Evening (5–8pm),0,1582,0,1,1,0,1
1556,0.002280063947294769,3.663341817632983e-5,682437,216,20,Evening (5–8pm),0,18,0,0,1,1,0
505,0.0034226382101974285,1.3555002812663083e-5,147547,380,16,Afternoon (12–4pm),1,10,0,0,1,0,0
313,0.0022439688855432484,1.8639997132308134e-4,139485,1530,0,Night (9pm–4am),0,172,1,1,0,1,0
9387,0.008980042436846969,4.209245416227406e-5,1045318,1994,11,Morning (5–11am),0,442,0,0,0,0,1
29,0.06904761904761905,0,420,5,17,Evening (5–8pm),0,472,0,1,0,0,0
1837,0.013180458194915801,4.950743687801798e-4,139373,5513,18,Evening (5–8pm),0,434,1,1,0,0,0
7026,0.010852976613426426,1.7454972350088046e-4,647380,634,19,Evening (5–8pm),1,1011,1,0,1,0,1
67,2.7795293883375925e-4,1.2445653977631011e-5,241048,1438,18,Evening (5–8pm),0,146,1,1,0,1,0
2970,0.0026869414644826147,1.1761023245210096e-5,1105346,869,8,Morning (5–11am),1,42,0,0,0,0,1
97,6.827235743746393e-4,7.038387364687003e-6,142078,747,12,Afternoon (12–4pm),0,55,1,0,1,0,0
1003,0.0033085385363922745,8.246606521416437e-5,303155,190,16,Afternoon (12–4pm),1,159,1,0,0,1,0
35267,0.013753119283263874,7.33146121091561e-5,2564291,2362,15,Afternoon (12–4pm),1,11,0,0,1,1,0
2113,0.017240957268862652,6.772358983982963e-4,122557,272,2,Night (9pm–4am),0,55,0,0,0,0,1
28229,0.0038501080605269885,2.05946479556334e-5,7332002,1082,19,Evening (5–8pm),0,754,1,1,0,1,0
298,2.897107947408741e-4,0,1028612,1160,12,Afternoon (12–4pm),0,308,1,1,0,1,0
14762,0.027633689814546156,2.807921333275927e-4,534203,1104,13,Afternoon (12–4pm),1,39,1,1,1,0,0
40,0.00398247710075667,0,10044,27,5,Morning (5–11am),0,27,0,0,0,0,0
1572,0.006362775335745683,3.683285976799346e-4,247062,1610,20,Evening (5–8pm),0,1557,0,0,0,1,0
1872,0.001563184989415935,7.5153124491150716e-6,1197555,21,11,Morning (5–11am),0,251,0,1,1,1,0
12975,0.006479329565418008,6.641624910987246e-5,2002522,683,16,Afternoon (12–4pm),0,21,0,0,1,0,1
1009,0.006117338927252775,2.4251095846393558e-5,164941,2106,15,Afternoon (12–4pm),0,16,0,0,0,0,1
5657,0.002076409826113065,2.2023084597274863e-5,2724414,36,16,Afternoon (12–4pm),1,152,1,1,0,1,0
3905,0.0023959362957045554,4.2335366044459494e-5,1629843,1121,16,Afternoon (12–4pm),1,131,1,0,1,0,0
1163,0.003123053126812606,1.0741369309759609e-5,372392,267,1,Night (9pm–4am),1,47,0,0,0,0,0
165,0.003147293327738145,3.814901003318964e-5,52426,289,20,Evening (5–8pm),0,71,1,0,1,0,0
460,0.001984546423286495,1.337411720040899e-4,231791,801,18,Evening (5–8pm),0,1375,1,1,1,0,1
9312,0.027593318576597237,1.9557120125165568e-4,337473,5266,8,Morning (5–11am),0,17,0,0,0,0,1
2587,4.3953168722741647e-4,2.548502245230478e-6,5885810,1274,16,Afternoon (12–4pm),0,22,0,0,0,1,0
46522,0.0036251811148963137,8.026173742193378e-6,12833014,623,22,Night (9pm–4am),1,17,0,0,1,0,1
67,1.2166422127634847e-4,7.2635355985879685e-6,550696,5,22,Night (9pm–4am),0,384,1,1,0,1,0
599,4.756225573724672e-4,2.3820829250707875e-5,1259402,2409,9,Morning (5–11am),0,286,1,1,0,1,0
387,0.004187677191767481,1.0820871296556799e-4,92414,1487,19,Evening (5–8pm),0,9,0,0,1,0,1
1020,4.8510351728585534e-4,7.133875254203755e-6,2102644,12,16,Afternoon (12–4pm),0,32,0,1,0,1,0
586,0.0011434838009713759,1.951337544319754e-6,512469,13,14,Afternoon (12–4pm),0,69,0,1,0,1,0
1145,0.0033535522758758045,1.405855975913001e-4,341429,2891,2,Night (9pm–4am),0,120,1,0,1,1,0
49563,0.016736233542095868,1.0231581549250545e-4,2961419,696,13,Afternoon (12–4pm),0,140,0,1,1,1,0
2387,0.0022720826059559594,1.1422283733335363e-5,1050578,955,14,Afternoon (12–4pm),0,594,0,1,1,0,1
720,0.002149760689834319,6.568713218938197e-5,334921,994,17,Evening (5–8pm),0,708,1,0,1,0,1
1810,0.0018824518050736755,2.1840601053340987e-5,961512,19,9,Morning (5–11am),1,301,1,1,0,1,0
88,6.882635423673138e-4,7.821176617810383e-5,127858,372,17,Evening (5–8pm),0,542,1,1,0,1,0
3709,0.005094024512846995,7.279139907815873e-5,728108,765,8,Morning (5–11am),1,371,0,0,1,0,0
5320,0.008228479510003325,3.108880416373437e-4,646535,2225,18,Evening (5–8pm),0,33,0,0,0,1,0
3437,6.410093818259945e-4,6.527590446293224e-6,5361856,90,14,Afternoon (12–4pm),0,35,0,0,1,1,0
2492,0.002252254287823999,5.061245590615728e-5,1106447,130,14,Afternoon (12–4pm),1,173,1,1,0,0,1
188309,0.013540507335612939,7.355962277072279e-5,13907086,6111,3,Night (9pm–4am),0,102,0,0,0,0,1
1682,0.001281948683944774,5.0302385933623716e-5,1312065,93,18,Evening (5–8pm),1,547,1,1,1,0,1
98,0.002201505110636864,1.5725036504549028e-4,44515,6431,11,Morning (5–11am),1,281,1,1,0,1,0
255,7.796305468420377e-4,1.5286873467490935e-5,327078,424,21,Night (9pm–4am),0,167,1,0,1,1,0
20,0.03616636528028933,0.003616636528028933,553,1078,2,Night (9pm–4am),1,96,0,1,1,0,0
1428,0.0029350708075555464,6.371652313320864e-5,486530,2058,19,Evening (5–8pm),1,13,1,0,0,1,0
3672,5.381815005385479e-4,9.233506136690772e-6,6822977,1369,1,Night (9pm–4am),0,28,0,0,0,1,0
9381,0.0010449105471472863,1.5259859818695044e-5,8977802,240,23,Night (9pm–4am),0,106,0,1,0,1,0
9008,0.0019156085948900375,1.2972038664330849e-5,4702422,719,10,Morning (5–11am),0,56,0,1,0,1,0
411,0.0019939453920940794,2.425724321282335e-5,206124,907,9,Morning (5–11am),0,20,0,1,1,1,0
984,0.004536380945355972,3.6881145897203025e-5,216913,742,1,Night (9pm–4am),0,50,0,0,1,0,0
45427,0.02038139001914443,7.268332012022359e-5,2228847,305,16,Afternoon (12–4pm),0,2043,0,0,0,0,0
867,0.0018147984568980134,3.9770669759010676e-5,477739,4327,20,Evening (5–8pm),1,1092,1,1,1,0,0
129,0.0011414414015838605,1.0618059549617307e-4,113015,2060,4,Night (9pm–4am),0,18,0,1,0,0,1
109,2.400717131649601e-4,1.1012463906649546e-5,454031,83,5,Morning (5–11am),0,477,1,1,0,0,1
257,1.3465515443688734e-4,5.763450189905684e-6,1908579,182,13,Afternoon (12–4pm),0,105,0,0,0,1,0
65,8.147446214320452e-5,1.2534532637416082e-6,797796,13,14,Afternoon (12–4pm),0,144,0,1,0,0,1
1311,6.482025358513851e-4,7.762608552911324e-5,2022516,615,22,Night (9pm–4am),0,249,1,1,0,1,0
1145,0.007981430104978461,8.155697137838253e-4,143458,1093,20,Evening (5–8pm),0,100,1,1,1,0,1
2995,0.002129686911136236,1.0239563111973889e-4,1406310,400,22,Night (9pm–4am),0,2,0,0,0,0,1
56530,0.07600110243948346,1.532659769697703e-4,743805,2063,16,Afternoon (12–4pm),1,89,0,1,1,0,1
27372,0.1617883487800265,0.005307830527709476,169184,653,17,Evening (5–8pm),1,235,0,0,1,0,0
1181,7.5711097733988e-4,2.1027298947288794e-4,1559877,1486,1,Night (9pm–4am),0,1785,0,0,1,1,0
20126,0.0069609909883424324,3.804576213443643e-5,2891255,548,12,Afternoon (12–4pm),0,21,0,0,0,0,1
1741,0.004142013242071054,3.8065601305650124e-5,420327,658,17,Evening (5–8pm),0,325,1,1,0,0,0
3614,0.003585580687471104,2.0834862876838182e-5,1007926,1296,5,Morning (5–11am),0,147,1,1,1,0,1
720,0.003237206290970892,2.6976719091424102e-5,222414,140,13,Afternoon (12–4pm),0,94,1,1,0,1,0
4768,0.0010321999627645987,1.255612370812641e-5,4619260,434,14,Afternoon (12–4pm),0,106,1,1,1,1,0
594,0.04392191659272405,0.008207630878438331,13524,2692,14,Afternoon (12–4pm),0,185,0,1,0,0,0
403,0.29502196193265007,0.010248901903367497,1366,1023,20,Evening (5–8pm),0,28,0,0,0,0,0
2254,0.007567821649207628,8.72951920494225e-5,297840,132,16,Afternoon (12–4pm),0,0,NA,NA,0,0,0
6035,7.635040267721073e-4,1.1639166605308017e-5,7904346,362,13,Afternoon (12–4pm),0,425,1,0,0,1,0
154046,0.7085734787468434,0.003937388168516534,217403,447,9,Morning (5–11am),1,345,1,0,0,0,1
5059,0.00986067580421325,7.406714381500367e-5,513048,1103,12,Afternoon (12–4pm),1,123,1,0,1,0,1
4749,0.0028067027536892272,6.501101345668878e-6,1692021,411,14,Afternoon (12–4pm),0,871,1,1,0,0,0
13972,0.06849859051354333,0.0020933937982595906,203975,2325,21,Night (9pm–4am),0,153,1,1,1,1,0
3204,0.010877572983965425,8.14799474454339e-5,294551,699,16,Afternoon (12–4pm),0,132,0,0,1,0,1
13135,0.0029414926255536995,5.9120978541772104e-5,4465420,675,15,Afternoon (12–4pm),0,201,1,0,0,1,0
34,2.2169334593942556e-4,0,153365,2092,16,Afternoon (12–4pm),0,17,0,1,0,1,0
9650,0.21192954715157905,0.007005753942109193,45534,1,2,Night (9pm–4am),0,62,0,1,0,0,0
1173,0.005749041826362273,2.940686356195536e-5,204034,1004,16,Afternoon (12–4pm),0,8,0,0,0,0,0
10,4.750932370477706e-5,4.750932370477706e-6,210485,13,18,Evening (5–8pm),0,311,0,1,0,1,0
47452,0.03252901952961387,3.0094073112830837e-4,1458759,566,16,Afternoon (12–4pm),0,31,0,0,0,0,0
22421,0.016401957320235763,1.6386594887528704e-4,1366971,873,8,Morning (5–11am),1,103,1,1,0,0,1
6732,0.009343783788285294,1.2630486107159265e-4,720479,2753,20,Evening (5–8pm),1,40,0,1,0,1,0
863,3.6333858904216286e-4,1.43146141685209e-5,2375195,1826,3,Night (9pm–4am),0,605,1,1,0,0,0
292,0.0018448435989613277,1.2635915061378958e-5,158279,559,16,Afternoon (12–4pm),0,14,0,0,0,0,0
812,0.004162096220283556,3.5880139830030654e-5,195094,834,0,Night (9pm–4am),0,70,0,0,0,0,0
189,4.735121321825402e-4,1.327838254268499e-4,399145,826,17,Evening (5–8pm),0,329,1,1,1,0,1
768,0.00274979054329846,4.654593367562497e-5,279294,912,13,Afternoon (12–4pm),1,1259,1,1,1,0,1
4941,0.01704710119926581,1.3455514000634825e-4,289844,964,15,Afternoon (12–4pm),0,33,0,0,0,0,1
23473,0.0017015554520560855,8.481318446323946e-6,13795025,842,13,Afternoon (12–4pm),0,0,NA,NA,1,1,0
4115,0.003333770814801132,7.291357796648892e-5,1234338,344,16,Afternoon (12–4pm),0,922,1,0,1,0,1
120,0.00343957807842238,0,34888,2,14,Afternoon (12–4pm),1,269,1,0,0,0,1
135475,0.05075739892824052,3.4094285310720706e-4,2669069,81,0,Night (9pm–4am),1,269,0,1,0,0,1
2520,0.0018302634054084283,5.229324015452652e-5,1376851,1530,21,Night (9pm–4am),1,1,0,0,0,0,0
313,7.50894836338512e-4,7.916782619543418e-5,416836,7508,20,Evening (5–8pm),0,898,1,0,1,1,0
1085,0.0025384214060281073,1.1229882717912365e-4,427431,2583,23,Night (9pm–4am),0,123,0,1,0,1,0
3659,0.004394519521322847,2.762338042919527e-5,832628,1015,15,Afternoon (12–4pm),0,304,1,0,0,0,1
1732,0.014458635946239253,2.671341514316721e-4,119790,1438,21,Night (9pm–4am),1,71,0,1,0,1,0
243283,0.018781730159861218,2.318350878197952e-4,12953173,399,15,Afternoon (12–4pm),0,24,0,0,0,1,0
723,0.003880150053935696,4.776394948828173e-4,186333,186,18,Evening (5–8pm),0,265,0,0,0,0,0
37317,0.006414613292518537,7.907179340671884e-5,5817498,146,19,Evening (5–8pm),0,39,0,0,0,0,0
11663,0.058708936967048896,7.399651662656425e-4,198658,960,11,Morning (5–11am),0,208,0,0,0,1,0
10528,0.0029706194226817853,6.884794254695627e-5,3544042,959,18,Evening (5–8pm),0,663,1,0,0,1,0
47960,0.022979870093778568,1.6626386410636287e-4,2087044,459,13,Afternoon (12–4pm),0,90,0,1,0,1,0
29327,0.03054943566826565,9.062641603775059e-5,959985,874,14,Afternoon (12–4pm),1,25,0,0,0,0,1
337,0.18567493112947658,0.013774104683195593,1815,1742,21,Night (9pm–4am),1,0,NA,NA,0,0,0
182,0.0013555585348050826,7.448123817610344e-6,134262,810,21,Night (9pm–4am),0,51,1,0,0,0,0
3136,0.007157251852646426,2.53333850651707e-4,438157,905,12,Afternoon (12–4pm),0,838,1,1,1,1,0
498,0.0012838625184329658,2.578037185608365e-6,387892,801,3,Night (9pm–4am),0,121,0,0,0,0,0
351,0.001348568442730025,3.842075335413177e-6,260276,20,12,Afternoon (12–4pm),1,8,0,0,0,0,0
4916,0.013201391033473422,8.163594129731327e-4,372385,1975,15,Afternoon (12–4pm),0,248,0,0,0,0,1
1296,0.0023742960468703628,1.0992111328103531e-5,545846,226,21,Night (9pm–4am),0,24,0,1,1,1,0
1,0.07142857142857142,0,14,102,2,Night (9pm–4am),1,11,0,0,0,0,1
1030,0.0065961370971873556,9.606024898816538e-5,156152,2210,16,Afternoon (12–4pm),0,967,0,1,1,0,0
7475,0.05124882590482459,7.473072941305525e-4,145857,29,10,Morning (5–11am),1,135,1,0,0,0,1
799709,0.011136844571799134,2.5025240050472164e-5,71807503,3258,20,Evening (5–8pm),1,32,0,1,1,0,1
2033,0.009761883039868625,5.7620559015456715e-5,208259,2639,17,Evening (5–8pm),1,379,1,1,1,0,1
6894,0.004989072382799497,4.3420995498690136e-5,1381820,1014,1,Night (9pm–4am),1,118,0,1,1,1,0
3822,0.002189900216870024,2.406483754802224e-5,1745285,2217,21,Night (9pm–4am),0,301,1,1,1,1,0
6282,0.01325257741745619,8.18529136894779e-4,474021,470,20,Evening (5–8pm),0,119,1,0,0,0,1
389,5.428002913539867e-4,2.2325975993994313e-5,716654,612,7,Morning (5–11am),0,682,1,1,0,1,0
55733,0.03498706809963841,5.273202089192447e-5,1592960,1030,17,Evening (5–8pm),0,151,0,0,0,0,1
372,4.110783402601507e-4,4.088682416566015e-5,904937,933,19,Evening (5–8pm),0,32,0,0,1,1,0
1152,0.0028954908761876035,1.38239581762429e-4,397860,685,16,Afternoon (12–4pm),0,101,1,0,1,0,1
240987,0.02057134047695305,1.339343334218831e-4,11714696,777,19,Evening (5–8pm),0,190,0,0,0,1,0
35406,0.01091481475087612,1.4581447712716503e-4,3243848,601,0,Night (9pm–4am),0,3,0,0,0,1,0
1678,0.0021079422187662133,3.0149352354224742e-5,796037,784,9,Morning (5–11am),0,21,0,0,1,0,1
479,0.002185089387946883,1.8703270335244717e-4,219213,340,15,Afternoon (12–4pm),0,443,1,1,1,1,0
346,0.0011539526212400654,2.334586227942329e-5,299839,1126,2,Night (9pm–4am),0,1555,1,1,0,1,0
2656,0.028293545534924844,7.137302525752879e-4,93873,622,16,Afternoon (12–4pm),0,42,0,0,0,0,0
676,0.0010967385008752817,1.8819773091942703e-4,616373,184,19,Evening (5–8pm),0,101,1,1,1,1,0
23027,0.043915239982378215,3.49002862586321e-4,524351,1736,14,Afternoon (12–4pm),0,2177,1,1,1,1,0
302382,0.20577385169110035,0.002061944066194529,1469487,54,14,Afternoon (12–4pm),0,0,NA,NA,0,1,0
5,0.18518518518518517,0.037037037037037035,27,0,20,Evening (5–8pm),0,6,0,0,0,0,0
464,0.0013569870208870718,2.924540993291103e-5,341934,1365,22,Night (9pm–4am),0,120,0,0,0,1,0
369794,0.29645015620402965,0.0019552559830111585,1247407,1287,10,Morning (5–11am),0,17,0,0,0,0,0
2283,0.012233349944540003,0.0010073893077413582,186621,1257,18,Evening (5–8pm),1,16,0,0,0,0,1
3305,0.019517985484051946,3.7795796398769273e-4,169331,672,2,Night (9pm–4am),0,9,0,0,0,0,1
2047,4.96159189779557e-4,1.2603946198601349e-5,4125692,8,9,Morning (5–11am),1,1217,1,1,0,0,0
37976,0.07895464515525433,0.001049928791958169,480985,1735,16,Afternoon (12–4pm),0,106,0,0,0,1,0
752,0.0013775997156868672,7.144466610610082e-5,545877,336,10,Morning (5–11am),1,31,0,0,1,0,0
12506,0.0042154681997766535,1.2808875067288728e-5,2966693,247,15,Afternoon (12–4pm),0,40,0,1,1,0,0
55579,0.007804062004514586,3.6648017833683713e-05,7121804,932,20,Evening (5–8pm),1,106,1,1,1,0,1
16301,0.007740784164561825,1.0447043225591077e-5,2105859,997,12,Afternoon (12–4pm),0,196,1,1,0,1,0
326,3.254158784980959e-4,1.5971331460029247e-5,1001795,404,8,Morning (5–11am),0,392,1,1,0,1,0
17,0.018847006651884702,0.0011086474501108647,902,1257,17,Evening (5–8pm),0,58,1,1,1,0,0
1756,0.0018965556346387095,6.480258432706297e-5,925889,807,15,Afternoon (12–4pm),0,685,0,1,0,1,0
391,0.001541488107675507,5.9136372417218935e-5,253651,5405,9,Morning (5–11am),0,2195,0,0,0,0,0
64,0.08050314465408805,0.0012578616352201257,795,2020,3,Night (9pm–4am),1,538,0,1,1,0,1
4880,0.00198754040246064,2.7287952246898133e-5,2455296,596,16,Afternoon (12–4pm),0,374,0,0,0,1,0
118679,0.0066037976273982234,4.0008177471155997e-5,17971326,474,22,Night (9pm–4am),0,1,0,0,0,0,1
55,3.051994894844903e-4,0,180210,244,20,Evening (5–8pm),1,7,0,0,0,0,0
2397,0.009530019362200373,1.0337109028669575e-4,251521,1163,17,Evening (5–8pm),0,39,0,0,1,0,1
511,0.0012884615869509855,3.0257414957753084e-5,396597,1023,12,Afternoon (12–4pm),0,63,0,0,0,0,1
759,0.0020760734585359717,5.4705492978549976e-6,365594,597,11,Morning (5–11am),0,1255,1,1,0,0,0
115,4.071185564638036e-4,6.726306585054147e-5,282473,3135,15,Afternoon (12–4pm),0,709,1,1,1,1,0
1324,0.0033385782296457677,1.512950859356088e-5,396576,578,12,Afternoon (12–4pm),0,872,1,1,0,0,0
1414,0.005348827532465568,4.539316152021698e-5,264357,0,14,Afternoon (12–4pm),0,190,1,0,0,1,0
1629,0.0029555684978853805,2.3586488933400827e-5,551163,109,18,Evening (5–8pm),0,321,1,1,0,0,0
928,0.0045568153360405796,1.1784867248380809e-4,203651,1960,12,Afternoon (12–4pm),0,881,0,1,1,0,1
328,0.0026402852796046012,1.1269510339775736e-4,124229,1121,23,Night (9pm–4am),0,196,1,1,1,0,1
1743,0.013082933639577563,1.1258979035781036e-4,133227,127,14,Afternoon (12–4pm),1,292,1,1,0,0,0
174,0.001092559918120797,0,159259,371,11,Morning (5–11am),1,66,1,1,1,0,1
2367,0.002043101059702227,2.157901414979116e-5,1158533,4245,15,Afternoon (12–4pm),1,704,0,1,1,0,1
3305,0.007115775059692848,6.20073590678227e-4,464461,2827,13,Afternoon (12–4pm),0,1034,1,1,0,1,0
422,0.0029738205137239703,1.0570452062999894e-4,141905,409,12,Afternoon (12–4pm),0,152,0,0,0,0,0
1948,0.008381450662169023,1.5059074598352968e-4,232418,478,14,Afternoon (12–4pm),1,21,0,1,1,0,0
38,0.031327287716405604,0,1213,1039,6,Morning (5–11am),0,261,1,0,0,1,0
875,6.321879773019229e-4,1.156000872780659e-5,1384082,1070,16,Afternoon (12–4pm),0,13,0,0,1,0,1
178324,0.041057194437326215,1.6070703728748623e-4,4343307,987,1,Night (9pm–4am),0,55,0,0,0,0,1
509,0.0010199869345485005,3.4066361271757385e-5,499026,802,11,Morning (5–11am),0,654,0,1,1,1,0
664,0.0018908328777109532,5.695279752141425e-5,351168,1,15,Afternoon (12–4pm),0,386,1,1,0,1,0
7940,0.00713126466781689,3.053690160022346e-4,1113407,186,20,Evening (5–8pm),1,67,1,0,1,0,1
361,8.070321337393085e-4,2.2355460768401896e-6,447318,82,1,Night (9pm–4am),0,441,1,1,0,0,0
70,0.0842358604091456,0.0024067388688327317,831,0,16,Afternoon (12–4pm),0,38,0,0,0,0,0
520163,0.021623694104314018,2.918699644272828e-4,24055233,111,15,Afternoon (12–4pm),1,15,0,0,0,0,1
4689,0.002750180500756901,1.6070579168423775e-4,1704979,2554,18,Evening (5–8pm),1,295,0,1,0,0,0
221,8.536345131000065e-4,3.86259960678736e-6,258893,371,11,Morning (5–11am),0,19,0,0,1,0,1
6010,0.0068518372842554815,4.674298313718381e-5,877137,791,18,Evening (5–8pm),0,68,0,1,0,0,1
129,7.435801366112343e-4,4.611349684410756e-5,173485,850,13,Afternoon (12–4pm),0,80,1,0,0,0,1
1572,0.0024665981500513875,1.8828993511842653e-5,637315,825,6,Morning (5–11am),0,1357,1,1,1,0,1
4572,0.006026438825450764,1.7662790958232773e-4,758657,974,14,Afternoon (12–4pm),0,78,0,0,0,0,0
1544,0.005828944636351624,3.284444192762897e-4,264885,5911,15,Afternoon (12–4pm),0,453,1,1,1,0,1
542,0.1846049046321526,0.0017029972752043597,2936,6,21,Night (9pm–4am),0,645,1,1,0,0,0
25,0.0033733639184995276,0,7411,448,20,Evening (5–8pm),0,94,1,1,1,1,0
180,3.8916226336772376e-4,8.648050297060527e-6,462532,325,12,Afternoon (12–4pm),1,193,0,0,1,0,0
340,9.801604003666952e-4,8.648474120882605e-6,346882,471,16,Afternoon (12–4pm),0,51,1,1,0,1,0
22801,0.08383182896115594,0.0025185212419802563,271985,2625,23,Night (9pm–4am),0,86,0,0,0,1,0
25736,0.001863610449803121,0,13809753,1002,18,Evening (5–8pm),1,357,1,1,1,1,0
5121,0.0015415964629678185,2.5587912390600386e-5,3321881,863,14,Afternoon (12–4pm),0,130,0,1,0,0,1
20577,0.0036094927712789836,3.613527292041943e-5,5700801,358,17,Evening (5–8pm),0,26,0,0,1,0,0
3608,0.00587947723495095,3.9598474725417986e-4,613660,2119,16,Afternoon (12–4pm),0,458,1,0,1,1,0
186,0.0016259451899121465,2.010577385375235e-4,114395,2201,21,Night (9pm–4am),0,108,0,0,1,0,1
6,0.2,0,30,73,5,Morning (5–11am),0,244,0,0,1,0,0
5175,0.005898666046594333,2.0517099292502026e-5,877317,67,0,Night (9pm–4am),0,175,1,0,0,1,0
90,6.609482404089066e-4,2.203160801363022e-5,136168,186,14,Afternoon (12–4pm),0,786,1,1,1,1,0
815,0.0019777953042528665,8.008250925195656e-5,412075,952,11,Morning (5–11am),0,90,0,1,0,0,1
3885,0.006566637425269637,3.887584576092707e-5,591627,1943,16,Afternoon (12–4pm),1,247,0,1,1,0,1
1234,0.006122337601770219,1.2403439225628483e-4,201557,925,22,Night (9pm–4am),0,318,1,0,1,0,0
663,0.0017418353111790096,8.144328000987828e-5,380633,1611,17,Evening (5–8pm),0,37,1,1,0,0,0
5657,0.026537256300076934,4.878689508941137e-4,213172,48,15,Afternoon (12–4pm),0,465,0,0,1,1,0
1611,0.007072862336020231,9.219746061851325e-5,227772,546,23,Night (9pm–4am),0,15,0,0,0,0,0
16981,0.011729299833810167,6.0093580209733505e-5,1447742,689,21,Night (9pm–4am),1,1040,1,0,0,1,0
1229,0.004042709964342575,1.381560768937251e-4,304004,908,21,Night (9pm–4am),0,110,0,0,0,0,1
431,0.0014435427419273808,7.368431629327698e-5,298571,1074,19,Evening (5–8pm),1,106,1,1,0,1,0
12855,0.01504353321162758,3.510742873191968e-5,854520,423,14,Afternoon (12–4pm),0,2169,0,1,0,0,1
947,0.0014528729142758955,4.4491356403380114e-5,651812,526,18,Evening (5–8pm),0,192,1,1,1,1,0
1273728,0.3525032940081846,0.001020097808726956,3613379,1254,16,Afternoon (12–4pm),0,219,1,0,0,0,1
756,0.0010146874668649512,1.8119419051159844e-4,745057,484,9,Morning (5–11am),0,74,1,1,0,0,1
1561,0.008127202961404897,5.935305173607676e-4,192071,2436,9,Morning (5–11am),0,116,1,1,1,1,0
1948,0.006219588511002414,4.5337862862543263e-4,313204,5385,16,Afternoon (12–4pm),0,873,1,0,1,0,1
160,0.0012553056276920422,7.845660173075263e-6,127459,669,4,Night (9pm–4am),1,566,0,0,0,0,0
1394,0.0017501195831350744,2.510931970064669e-5,796517,1881,9,Morning (5–11am),0,91,1,0,0,1,0
118,0.15128205128205127,0.020512820512820513,780,988,2,Night (9pm–4am),0,25,0,0,1,0,0
21259,0.045960635436754674,5.318366958672397e-4,462548,788,19,Evening (5–8pm),0,71,0,0,0,0,1
12859,0.009100546924540267,5.803288341335266e-5,1412992,319,1,Night (9pm–4am),0,30,0,1,0,0,1
22883,0.053805765020962217,5.925382504602752e-4,425289,992,13,Afternoon (12–4pm),1,325,1,1,1,1,0
8696,5.635120747495916e-4,1.2247445046880497e-5,15431790,1011,20,Evening (5–8pm),0,17,0,0,0,0,1
500,0.003179630018251076,2.034963211680689e-4,157251,529,20,Evening (5–8pm),0,698,0,0,1,1,0
16382,0.007638627900622299,1.2496351345176268e-4,2144626,1021,20,Evening (5–8pm),0,71,0,1,0,0,1
8573,0.050177050715519006,9.364665944807e-4,170855,236,21,Night (9pm–4am),1,188,0,1,1,0,0
135,5.656487781986391e-4,1.2569972848858647e-5,238664,4576,13,Afternoon (12–4pm),1,66,0,1,0,0,1
2700,9.01239805559181e-4,3.571579970178976e-5,2995873,1393,9,Morning (5–11am),0,33,0,0,0,1,0
5405,0.0020743806505764324,1.535156818187924e-5,2605597,5698,17,Evening (5–8pm),1,424,0,1,0,1,0
6585,7.046616821349804e-4,7.169678466673301e-6,9344910,161,13,Afternoon (12–4pm),0,198,0,0,0,1,0
8,0.05442176870748299,0,147,5,6,Morning (5–11am),0,104,1,0,0,0,0
143,8.448540706605223e-4,2.9540352120997282e-5,169260,638,7,Morning (5–11am),1,275,1,1,1,0,1
19948,0.06026804597145516,0.005812899561313401,330988,1671,21,Night (9pm–4am),0,1013,0,1,0,0,1
9025,0.017761272750173186,4.113136847408527e-4,508128,1046,16,Afternoon (12–4pm),0,394,1,1,1,0,1
292,0.008485165489785836,2.9058785923924097e-5,34413,235,14,Afternoon (12–4pm),0,10,0,1,0,0,0
3221,0.013598865142828192,1.0132653319710544e-4,236858,781,16,Afternoon (12–4pm),0,336,1,1,1,0,0
2595,0.004666015761963071,2.499330215463842e-4,556149,898,17,Evening (5–8pm),0,277,1,0,1,0,0
11953,0.01000730894395388,1.0967602038466981e-4,1194427,327,15,Afternoon (12–4pm),0,103,1,0,0,0,1
1103,0.0066338682127649335,2.706473885534198e-4,166268,1068,0,Night (9pm–4am),0,1654,0,0,0,0,1
5751,0.0050022353929681665,3.374834520034166e-4,1149686,563,5,Morning (5–11am),0,1891,0,0,1,0,0
36288,0.012629314920222809,1.8828426399472386e-4,2873315,1833,23,Night (9pm–4am),0,1522,1,0,0,1,0
118,5.06931645852397e-4,3.0072216279379483e-5,232773,263,17,Evening (5–8pm),0,22,1,0,1,0,0
220,0.0014295275411476507,3.248926229881024e-4,153897,594,9,Morning (5–11am),0,297,1,0,1,0,0
1478,0.0016885812832532266,2.0564589376561622e-5,875291,924,20,Evening (5–8pm),0,510,1,1,1,0,1
795,2.1122298106033936e-4,7.970678530578843e-7,3763795,49,17,Evening (5–8pm),1,18,0,0,1,1,0
4150,0.004539354011640435,3.0189438728018316e-4,914227,1268,14,Afternoon (12–4pm),0,2200,1,1,1,0,1
180,1.1435258332015102e-4,1.2705842591127891e-6,1574079,12,20,Evening (5–8pm),0,126,0,1,0,0,0
248,0.001662900554523693,1.3410488342933009e-5,149137,3060,17,Evening (5–8pm),0,213,1,1,1,0,0
116,5.883606041854756e-4,7.100903843617809e-5,197158,2005,11,Morning (5–11am),0,33,0,0,1,0,1
9793,0.06858419475025912,0.0010855253942908367,142788,523,19,Evening (5–8pm),0,12,0,0,0,0,0
920,0.003265410430146837,1.561718031809357e-4,281741,3589,19,Evening (5–8pm),0,530,1,1,1,0,1
22398,0.02411750581186881,4.3393851425051926e-4,928703,789,12,Afternoon (12–4pm),0,87,0,1,0,1,0
3824,0.010397322363215666,1.2507239244453992e-4,367787,236,17,Evening (5–8pm),0,746,0,1,0,0,0
258,0.0013363028953229399,5.697415445175325e-5,193070,2000,16,Afternoon (12–4pm),0,493,0,1,0,0,1
48889,0.08186520515280757,9.293540236005686e-4,597189,1576,16,Afternoon (12–4pm),0,3,0,0,0,1,0
256804,0.03025808875779873,1.8310100282557603e-4,8487119,452,15,Afternoon (12–4pm),0,123,0,0,0,0,1
22043,0.031798674273843953,9.665250539162297e-5,693205,7,17,Evening (5–8pm),0,68,0,0,0,1,0
2938,0.004924457019111184,2.3465758430073715e-5,596614,393,21,Night (9pm–4am),0,91,0,0,0,0,1
5098,0.007507082987283019,3.386875415996654e-5,679092,1195,1,Night (9pm–4am),0,13,0,0,1,0,1
845,3.0686699331356794e-4,3.486299569006216e-5,2753636,149,14,Afternoon (12–4pm),1,845,1,1,1,1,0
164,0.05155611442942471,3.1436655139893113e-4,3181,13,13,Afternoon (12–4pm),0,0,NA,NA,0,1,0
1450,0.0018408934808248727,5.459201356928932e-5,787661,1798,1,Night (9pm–4am),0,2198,1,1,0,0,1
3221,0.0195066707848089,2.6646802686482196e-4,165123,5706,18,Evening (5–8pm),0,180,1,1,0,0,0
75,0.2112676056338028,0.014084507042253521,355,254,19,Evening (5–8pm),0,0,NA,NA,0,0,0
217,0.0016182074437542412,8.948612592189352e-5,134099,1023,21,Night (9pm–4am),0,328,1,0,0,1,0
5600,0.021289213971806997,6.082632563373428e-5,263044,968,9,Morning (5–11am),1,175,1,0,1,1,0
587,0.0013165922018266315,9.420250847822577e-5,445848,655,17,Evening (5–8pm),0,93,1,1,1,1,0
733,0.549063670411985,0.0052434456928838954,1335,3,5,Morning (5–11am),0,40,1,1,0,0,0
27,0.0989010989010989,0.01098901098901099,273,183,1,Night (9pm–4am),0,12,0,0,0,0,0
4398,0.006531802810249495,9.653642170673423e-5,673321,685,19,Evening (5–8pm),1,204,1,1,1,0,1
2748,0.0033722467041442557,3.067910029243318e-5,814887,886,4,Night (9pm–4am),0,173,1,1,0,1,0
108157,0.012465698496686805,1.1306573060689328e-4,8676369,926,22,Night (9pm–4am),1,147,0,1,1,0,1
6111,1.128057821685458e-4,1.809027434547126e-6,54172755,1353,14,Afternoon (12–4pm),0,237,1,1,0,1,0
18243,0.0022236412939805423,2.8400395850324307e-5,8204111,286,18,Evening (5–8pm),0,254,0,0,0,0,1
8733,0.007985953938795386,1.6643119396092524e-4,1093545,44,17,Evening (5–8pm),1,91,1,0,1,0,0
10247,0.016059945427217743,1.818047886754424e-4,638047,2003,21,Night (9pm–4am),1,116,0,1,0,1,0
10628,0.012756636079386895,5.281256939151518e-5,833135,1228,13,Afternoon (12–4pm),1,92,1,1,1,0,1
683,0.001487994736463714,2.178616012391968e-5,459007,1417,14,Afternoon (12–4pm),0,205,1,1,0,1,0
1162,0.007171732757290542,5.5546983490202126e-5,162025,666,18,Evening (5–8pm),0,347,1,0,0,0,1
51,4.933780920778957e-4,3.8696320947285936e-5,103369,1124,19,Evening (5–8pm),0,323,1,0,0,0,1
12685879,0.029513637486032855,6.746836282254882e-8,429831091,291,23,Night (9pm–4am),0,12,0,0,0,0,1
62853,0.024920662108603702,1.5225262516831053e-4,2522124,439,23,Night (9pm–4am),1,18,0,0,0,0,1
1164,0.030218068535825544,5.711318795430945e-4,38520,3373,18,Evening (5–8pm),1,383,1,1,1,1,0
25129,0.05204318534365816,3.6864527005337074e-4,482849,1,1,Night (9pm–4am),0,65,1,1,0,0,1
1224,0.004396646479449988,5.747250299934625e-5,278394,715,10,Morning (5–11am),0,583,0,0,1,0,0
2028,0.006893293315069052,1.3596239280215094e-4,294199,1354,19,Evening (5–8pm),0,1609,1,1,0,0,1
13808,0.003390373186587401,6.310297718373132e-5,4072708,503,21,Night (9pm–4am),0,94,1,1,1,0,1
866,0.002373565171631237,8.222512141909596e-5,364852,456,18,Evening (5–8pm),1,137,0,0,0,0,0
2,0.05405405405405406,0,37,19,2,Night (9pm–4am),0,25,0,0,0,0,0
5280,0.007820125270112756,1.0219481887079168e-4,675181,2436,19,Evening (5–8pm),0,175,1,1,0,1,0
13544,0.0016621955684030171,1.5954328403159498e-5,8148259,0,20,Evening (5–8pm),1,284,1,1,0,0,0
14,0.13725490196078433,0.029411764705882353,102,108,15,Afternoon (12–4pm),1,0,NA,NA,0,0,0
1048,0.001690660712787719,3.549096916157425e-5,619876,599,21,Night (9pm–4am),0,460,1,1,1,1,0
5492,0.005410021937579852,1.546564902039397e-4,1015153,3245,18,Evening (5–8pm),0,54,1,0,0,0,0
467005,0.027934143837527667,2.325029006037838e-4,16718071,334,23,Night (9pm–4am),0,123,0,1,0,1,0
14201,0.010784772366194701,1.5720356874884185e-4,1316764,4174,19,Evening (5–8pm),0,1625,1,1,0,0,1
1320,0.006264236902050114,2.3728170083523158e-4,210720,2866,14,Afternoon (12–4pm),0,760,1,0,0,0,1
149,0.0010566027032010098,0,141018,636,12,Afternoon (12–4pm),0,1509,1,0,0,0,0
3,0.12,0,25,1,15,Afternoon (12–4pm),0,21,0,1,0,0,0
3790,0.005652928112354557,3.579690625237714e-5,670449,161,15,Afternoon (12–4pm),0,568,0,1,0,1,0
261,7.594627310396201e-4,1.163927557148843e-5,343664,800,10,Morning (5–11am),0,732,1,0,0,1,0
1044,7.75346362221917e-4,1.6338716445289436e-5,1346495,532,14,Afternoon (12–4pm),1,38,0,1,1,0,1
5953,0.014409473024294957,2.7110044997833614e-4,413131,1625,20,Evening (5–8pm),0,79,0,0,1,0,1
1949671,0.05995509374484434,4.420512345837515e-4,32518855,420,10,Morning (5–11am),0,70,0,0,0,1,0
16215,0.012678636634105416,7.428125070860404e-5,1278923,663,18,Evening (5–8pm),0,100,0,0,1,0,1
2696,0.011261063702701236,3.341561929584936e-5,239409,298,19,Evening (5–8pm),0,268,0,0,0,0,0
865,0.008730759525611911,1.514004542013626e-4,99075,149,10,Morning (5–11am),0,192,0,0,0,0,0
959,0.005078964929191073,2.912857884311877e-4,188818,493,12,Afternoon (12–4pm),0,574,1,0,1,0,1
5268,0.008088463345503902,4.6061864154350235e-5,651298,207,19,Evening (5–8pm),1,38,0,0,0,0,0
56,3.44647198202911e-4,2.4617657014493644e-5,162485,4266,19,Evening (5–8pm),0,48,1,0,1,0,1
45853,0.11859229678981181,0.0027777490404609926,386644,90,16,Afternoon (12–4pm),0,27,1,0,0,0,0
31445,0.010661765204501098,1.7359910270963786e-4,2949324,1643,18,Evening (5–8pm),0,24,0,0,0,0,0
13676,0.010076695174076456,2.5051742901330762e-5,1357191,557,14,Afternoon (12–4pm),1,5,0,0,0,0,1
700,0.023310023310023312,4.329004329004329e-4,30030,1,7,Morning (5–11am),1,546,1,0,0,1,0
829,0.004784385244009419,2.3085091647813843e-5,173272,115,0,Night (9pm–4am),0,537,0,1,1,0,0
820,0.0015491603362055774,4.345205821064424e-5,529319,2198,20,Evening (5–8pm),0,365,1,1,0,1,0
21182,0.011622643248721382,4.060407895408282e-5,1822477,217,15,Afternoon (12–4pm),0,26,0,0,0,0,1
8027,0.015453299347754102,1.1936022917164001e-4,519436,890,20,Evening (5–8pm),1,30,0,1,1,0,1
605,0.0020560468166957798,9.175746124096869e-5,294254,1059,18,Evening (5–8pm),1,1523,1,1,1,1,0
79,5.335242314549679e-4,1.8234372467448268e-4,148072,863,10,Morning (5–11am),0,213,1,1,1,1,0
2505,4.5502111715767474e-4,1.1261999706098136e-5,5505239,187,17,Evening (5–8pm),0,28,1,0,0,1,0
2000,0.006339546088500064,5.0716368708000506e-5,315480,2241,10,Morning (5–11am),1,38,0,0,1,0,1
5489,0.037186583292120295,1.4226967555739227e-4,147607,1111,0,Night (9pm–4am),0,111,1,1,0,0,0
9,3.562324852361425e-5,0,252644,290,18,Evening (5–8pm),0,150,1,0,0,0,0
30944,0.01132194625953908,5.652923659186879e-4,2733099,997,10,Morning (5–11am),0,2183,0,0,0,0,1
141203,0.33127269826672046,9.970814838449339e-4,426244,1009,16,Afternoon (12–4pm),0,5,0,0,1,1,0
1282,0.0012943572284601086,2.120241949895654e-5,990453,1042,16,Afternoon (12–4pm),0,518,0,0,0,1,0
100,0.15408320493066255,0.046224961479198766,649,0,0,Night (9pm–4am),0,31,0,0,0,0,0
1801,2.1169337302182474e-4,0.006906540373135136,8507588,2,20,Evening (5–8pm),0,208,1,1,0,0,0
10,0.06944444444444445,0.013888888888888888,144,401,18,Evening (5–8pm),0,41,0,0,0,0,1
1946,0.001876051422704464,6.169953291525472e-5,1037285,1273,8,Morning (5–11am),0,51,1,0,1,1,0
4,0.0851063829787234,0,47,5,14,Afternoon (12–4pm),0,0,NA,NA,0,0,0
443,7.807735827108881e-4,7.049874335989961e-5,567386,2802,20,Evening (5–8pm),0,132,1,1,0,1,0
15643,0.010715300967548592,1.5001284356537374e-4,1459875,375,14,Afternoon (12–4pm),0,553,1,0,1,0,1
10647,0.012607385391442323,1.5393632956584033e-5,844505,4137,23,Night (9pm–4am),0,221,0,0,1,0,1
24773,0.028697231637501826,2.988691624944686e-4,863254,912,12,Afternoon (12–4pm),0,37,0,0,0,0,1
3214,0.006657828230517463,1.90578779467208e-4,482740,1834,18,Evening (5–8pm),0,1845,1,1,1,0,1
4678,0.006748004304413177,8.51073651048263e-5,693242,1624,20,Evening (5–8pm),0,94,1,0,0,1,0
19,0.010549694614103275,0,1801,25,19,Evening (5–8pm),0,77,1,0,0,0,0
109476,0.010729514043455532,3.2244602655347926e-5,10203258,381,10,Morning (5–11am),1,216,0,1,0,0,1
14601,0.020408220315411205,4.612500995880897e-5,715447,132,12,Afternoon (12–4pm),0,41,0,1,0,0,1
3545,0.03300560490102974,4.469024076867214e-4,107406,57,16,Afternoon (12–4pm),0,1313,0,0,0,0,0
281,0.0022660742078820673,2.6612259380821434e-4,124003,437,15,Afternoon (12–4pm),1,85,0,1,1,0,1
296,0.0011685010027001847,2.7633469658450315e-5,253316,691,0,Night (9pm–4am),1,31,1,0,1,1,0
44,0.0059467495607514525,0,7399,243,22,Night (9pm–4am),0,862,1,0,0,0,1
215,0.022840752151280144,1.0623605651758207e-4,9413,3,14,Afternoon (12–4pm),0,262,1,1,1,0,0
1258,0.005862041649386536,1.5377374755942423e-4,214601,1568394,12,Afternoon (12–4pm),1,1136,1,1,1,1,0
4688,0.0032539014889653313,7.63500775994425e-6,1440732,412,2,Night (9pm–4am),1,24,0,1,0,1,0
449,0.00304421226770084,8.13597933461249e-5,147493,294,16,Afternoon (12–4pm),0,68,1,0,1,1,0
40866,0.02325460969459902,1.7469694064116623e-4,1757329,808,9,Morning (5–11am),1,137,1,1,1,1,0
22,0.004415011037527594,0,4983,409,2,Night (9pm–4am),1,0,NA,NA,0,0,0
211,9.78632419170064e-4,1.3914205011896646e-5,215607,2693,18,Evening (5–8pm),0,564,1,1,0,0,1
10844,0.1160381800282498,0,93452,0,19,Evening (5–8pm),0,119,1,1,1,0,0
1,0.02702702702702703,0,37,352,19,Evening (5–8pm),0,28,0,0,1,0,0
5897,0.00814575894244649,4.1992720340914587e-4,723935,498,12,Afternoon (12–4pm),1,196,1,0,0,0,1
7,0.0673076923076923,0.019230769230769232,104,2,23,Night (9pm–4am),0,30,0,1,0,0,0
1089,0.0018555183353836612,2.5558103793163376e-5,586898,955,14,Afternoon (12–4pm),1,143,1,0,0,1,0
24707,0.01337726184932916,2.2740316415259835e-4,1846940,1641,22,Night (9pm–4am),0,274,1,0,1,1,0
0,0,0,1,1,21,Night (9pm–4am),0,321,1,1,1,0,0
2344,0.0013352077888640025,3.645618536147447e-5,1755532,637,12,Afternoon (12–4pm),0,83,1,0,1,0,0
989,0.002168098912662224,1.227639424763241e-4,456160,1497,14,Afternoon (12–4pm),0,663,1,1,1,1,0
36,0.1245674740484429,0,289,1448,7,Morning (5–11am),1,361,0,1,0,0,1
1385,0.0020786588523101627,5.5530958509368974e-5,666295,1186,19,Evening (5–8pm),0,726,1,0,0,1,0
315,4.691192918234741e-4,0,671471,256,23,Night (9pm–4am),0,89,1,1,0,1,0
805,0.003693355172303048,1.8352075390325703e-5,217959,751,17,Evening (5–8pm),0,1423,1,1,0,0,1
6259,0.0321350091388906,0.0011705994701497135,194772,453,23,Night (9pm–4am),0,474,0,1,1,0,1
11664,0.0057037316312115,8.264151626155209e-5,2044977,431,16,Afternoon (12–4pm),0,229,0,0,1,1,0
584,0.0012258812070731666,1.8892004903524827e-4,476392,50,16,Afternoon (12–4pm),1,742,1,1,0,0,0
123,0.033884297520661154,0.004407713498622589,3630,179,14,Afternoon (12–4pm),0,543,0,1,1,0,0
12191,0.013663042540243269,2.5777210928192536e-5,892261,663,21,Night (9pm–4am),0,362,0,0,0,0,1
508,0.05102963335007534,0.002109492717227524,9955,2,23,Night (9pm–4am),0,49,0,0,1,0,0
572,0.0010629421569920967,2.787435726377876e-5,538129,954,17,Evening (5–8pm),0,152,1,0,1,1,0
99,0.18265682656826568,0.027675276752767528,542,297,3,Night (9pm–4am),0,111,0,0,0,0,0
2999,0.013413723236289959,3.5334582716469045e-4,223577,73,21,Night (9pm–4am),0,22,0,0,0,0,1
1551,0.00412390321722946,6.913055038553576e-5,376100,1237,22,Night (9pm–4am),0,24,0,0,0,0,0
33456,0.027451662558544837,4.3159895103403234e-4,1218724,0,19,Evening (5–8pm),0,35,1,0,0,0,0
5120,0.0015850882819872054,4.8914833701948914e-5,3230104,744,19,Evening (5–8pm),0,434,0,1,0,1,0
1468,0.00123081773081815,1.9283929025080008e-5,1192703,6479,18,Evening (5–8pm),0,41,0,0,0,1,0
4503,0.0022961369013624867,2.7025373256098555e-5,1961120,1080,4,Night (9pm–4am),0,103,1,1,0,0,1
196,0.001009632720342039,1.0302374697367743e-5,194130,1143,10,Morning (5–11am),1,9,1,0,1,0,0
26,0.06341463414634146,0.004878048780487805,410,212,18,Evening (5–8pm),0,15,0,0,1,0,0
17,0.019675925925925927,0,864,0,0,Night (9pm–4am),0,0,NA,NA,0,0,0
57,0.01747394236664623,3.0656039239730225e-4,3262,1774,1,Night (9pm–4am),0,169,1,0,1,1,0
143,0.0035344422748955734,1.977310363577943e-4,40459,846,6,Morning (5–11am),0,254,0,1,1,0,0
23019,0.0154252549599844,4.824789769837425e-5,1492293,489,14,Afternoon (12–4pm),0,0,NA,NA,0,0,0
0,0,0,28,8,0,Night (9pm–4am),1,48,0,0,0,0,0
128,1.9007934327586897e-4,4.454984608028179e-6,673403,3380,0,Night (9pm–4am),0,455,1,1,0,1,0
8843,0.002456543787622164,1.472315059866275e-5,3599773,984,0,Night (9pm–4am),1,127,0,1,0,0,1
5777,0.020622494475798822,0.00025345284884571863,280131,1974,23,Night (9pm–4am),1,626,1,1,0,0,0
4400,2.741554128465862e-4,2.305397789846293e-6,16049291,1101,9,Morning (5–11am),0,533,1,1,0,1,0
3294,0.010321974148061104,1.0654132393262827e-4,319125,283,12,Afternoon (12–4pm),1,549,0,0,0,0,1
3980,0.003924840294501082,1.1833689330154016e-4,1014054,423,15,Afternoon (12–4pm),0,400,1,0,0,0,1
619,0.005576375626103564,4.2340816547151454e-4,111004,3702,19,Evening (5–8pm),0,2041,0,1,0,0,0
4759,0.006049735204907925,7.373075055361623e-5,786646,1984,22,Night (9pm–4am),0,85,0,0,1,0,0
1720,0.0018985343756139882,2.7594976389738203e-5,905962,13,12,Afternoon (12–4pm),0,1450,1,0,0,0,0
186,0.1773117254528122,0.010486177311725452,1049,882,17,Evening (5–8pm),0,10,0,0,0,0,0
155,0.0016926756287470924,1.8564829476581013e-4,91571,853,17,Evening (5–8pm),0,420,0,0,1,1,0
7961,0.0037889550603562787,3.141201281038995e-5,2101107,954,10,Morning (5–11am),0,14,0,0,1,0,1
2392,0.006539217535600736,7.927981125937347e-5,365793,1525,16,Afternoon (12–4pm),1,1451,0,0,1,0,1
846,0.007818781711814124,0,108201,247,23,Night (9pm–4am),0,224,1,1,1,1,0
177,0.08012675418741512,0.002716161158895428,2209,1,16,Afternoon (12–4pm),0,48,0,0,0,0,0
8,0.12903225806451613,0,62,69,2,Night (9pm–4am),0,0,NA,NA,0,0,0
282,0.002160919540229885,4.597701149425287e-5,130500,753,15,Afternoon (12–4pm),0,19,0,0,1,0,1
19,6.731620903454384e-5,7.0859167404782995e-6,282250,1110,21,Night (9pm–4am),0,671,1,1,0,0,0
426,0.0016002103562909678,1.878181169355596e-5,266215,555,22,Night (9pm–4am),1,65,1,0,0,1,0
33,1.8268379096545616e-4,0,180640,142,22,Night (9pm–4am),0,1095,1,0,0,1,0
10998,9.956352466102866e-4,1.4213014522441807e-5,11046214,1774,0,Night (9pm–4am),1,162,0,0,0,0,1
367,0.0027217644746697915,1.4832503949154178e-4,134839,580,23,Night (9pm–4am),1,182,1,1,0,1,0
236,6.348813498223139e-4,1.88312264777805e-5,371723,2632,8,Morning (5–11am),0,1605,1,0,1,0,1
2058,0.0010696054309761475,1.871029908413086e-5,1924074,1740,9,Morning (5–11am),0,523,1,1,0,1,0
2,0.15384615384615385,0,13,20,12,Afternoon (12–4pm),1,91,1,0,0,0,0
16838,0.00613966703299989,6.45397947999157e-5,2742494,427,18,Evening (5–8pm),1,23,1,0,0,0,0
26,0.1925925925925926,0.007407407407407408,135,8,10,Morning (5–11am),0,124,1,1,1,0,0
1599,0.0013247227733845879,3.396725059960482e-5,1207045,874,10,Morning (5–11am),0,1005,1,1,1,1,0
279,8.419515168707167e-4,0,331373,260,18,Evening (5–8pm),0,26,0,0,0,0,0
5583,0.0010614205658932474,2.395468230387769e-5,5259932,1505,8,Morning (5–11am),0,95,0,1,0,0,1
10917,0.06483895682748217,0.0010512499183351052,168371,394,15,Afternoon (12–4pm),0,184,1,0,0,1,0
23251,0.009686919721178695,8.290813403787193e-5,2400247,2176,21,Night (9pm–4am),1,281,0,0,0,1,0
5413,0.010328891127801184,6.678573609330158e-5,524064,876,17,Evening (5–8pm),0,2,0,0,0,0,0
2730,0.005981765475353154,2.32259025782943e-4,456387,1329,12,Afternoon (12–4pm),0,110,0,0,0,1,0
1671,0.003168523346764636,6.257406968475942e-5,527375,429,17,Evening (5–8pm),0,778,0,0,1,0,0
2254,0.0020287188829265397,2.3401371320359373e-5,1111046,1757,18,Evening (5–8pm),1,353,0,1,1,0,1
191452,0.005205875897348215,3.8394463192109144e-05,36776136,2053,16,Afternoon (12–4pm),0,208,0,1,1,0,1
3092,0.00381362099119611,7.646976114300092e-5,810778,2098,16,Afternoon (12–4pm),0,52,1,0,0,1,0
464,0.0015040518638573745,8.752025931928687e-5,308500,762,0,Night (9pm–4am),0,110,1,1,1,1,0
294,0.1746880570409982,0.0011883541295306002,1683,0,10,Morning (5–11am),0,0,NA,NA,0,0,0
648,0.002995022162239611,1.848779112493587e-5,216359,8,12,Afternoon (12–4pm),0,174,1,1,0,1,0
7351,0.01773248100349777,2.1469062839223253e-4,414550,150,18,Evening (5–8pm),0,98,0,0,0,0,0
20094,0.025706434412387805,2.1876183360795834e-4,781672,516,18,Evening (5–8pm),1,34,0,1,0,0,1
83,6.489140462527168e-4,0,127906,503,11,Morning (5–11am),1,111,0,0,0,1,0
819,6.544319586533245e-4,3.036436438196133e-5,1251467,524,18,Evening (5–8pm),1,1073,1,1,1,0,1
296,0.001326598753176442,4.929927798966508e-5,223127,461,17,Evening (5–8pm),0,47,0,0,0,0,0
28248,0.0035966391133994287,2.864782641301584e-5,7853999,2177,17,Evening (5–8pm),0,64,0,0,1,0,1
125,0.001304202662660156,4.1734485205125e-5,95844,721,4,Night (9pm–4am),0,117,1,0,1,0,1
9621,0.01010415014760818,4.93602595299433e-5,952183,1078,18,Evening (5–8pm),0,1,0,0,0,0,1
1284,0.0033159187341661005,2.5824912259860598e-5,387223,1372,13,Afternoon (12–4pm),0,31,0,1,0,0,1
21,0.1640625,0.0390625,128,407,17,Evening (5–8pm),0,0,NA,NA,0,0,0
13005,0.005926997439154279,1.0892367458345809e-4,2194197,1411,19,Evening (5–8pm),0,210,0,1,0,1,0
273,0.0017627118644067796,1.9370460048426152e-5,154875,2451,19,Evening (5–8pm),1,123,1,0,1,0,0
2233,0.004868795447360101,3.706651258626141e-5,458635,768,10,Morning (5–11am),0,38,0,1,0,0,0
901,0.007051071355903022,4.6954970183593935e-5,127782,96,2,Night (9pm–4am),0,187,0,1,1,0,0
2659,0.0074050350896736105,3.95455051799042e-4,359080,645,17,Evening (5–8pm),0,173,1,0,1,0,1
